<mxGraphModel>
  <root>
    <mxCell id="b7890f75-ec44-bff2-85e4-759090bb454c"/>
    <mxCell id="f9959b30-0002-e69d-9ce6-f10fcd6fd1cb" parent="b7890f75-ec44-bff2-85e4-759090bb454c"/>
    <start id="7131c60b-7291-1bcb-6cba-a4bb7fe9dd5f">
      <mxCell style="image;image=images/symbols/event.png" parent="f9959b30-0002-e69d-9ce6-f10fcd6fd1cb" vertex="1">
        <mxGeometry x="5" y="321" width="25" height="25" as="geometry"/>
      </mxCell>
    </start>
    <party label="Employee" to="${createdBy}" instruction="" allocationmethod="Original Recipient" groupdistribution="Rotational" id="30115a24-e861-f002-2214-53be2ec9e091">
      <mxCell style="image;image=images/user.png" parent="f9959b30-0002-e69d-9ce6-f10fcd6fd1cb" vertex="1">
        <mxGeometry x="95" y="310" width="48" height="48" as="geometry"/>
      </mxCell>
    </party>
    <mxCell id="ef0df126-14f9-ab2e-5078-8462fd7f5636" value="" parent="f9959b30-0002-e69d-9ce6-f10fcd6fd1cb" source="7131c60b-7291-1bcb-6cba-a4bb7fe9dd5f" target="30115a24-e861-f002-2214-53be2ec9e091" edge="1">
      <mxGeometry relative="1" as="geometry"/>
    </mxCell>
    <event label="Document.sign" async="false" id="f7180099-a81e-2b78-27cc-766cf7182158">
      <mxCell style="image;image=images/symbols/rule.png" parent="f9959b30-0002-e69d-9ce6-f10fcd6fd1cb" vertex="1">
        <mxGeometry x="197" y="318" width="32" height="32" as="geometry"/>
      </mxCell>
    </event>
    <mxCell id="274a3032-6512-178c-50fb-7b1acc0ac730" value="" parent="f9959b30-0002-e69d-9ce6-f10fcd6fd1cb" source="30115a24-e861-f002-2214-53be2ec9e091" target="f7180099-a81e-2b78-27cc-766cf7182158" edge="1">
      <mxGeometry relative="1" as="geometry"/>
    </mxCell>
    <rule name="runScript" properties="{&quot;properties.sync&quot;:&quot;false&quot;,&quot;properties.script&quot;:&quot;&quot;,&quot;properties.path&quot;:&quot;System/scripts/HmiAssignToLineManager.groovy&quot;}" label="Find Manager" id="de249de2-faf2-d910-211d-f9f4afd12a95">
      <mxCell style="image;image=images/script.png" parent="f9959b30-0002-e69d-9ce6-f10fcd6fd1cb" vertex="1">
        <mxGeometry x="298" y="315" width="38" height="38" as="geometry"/>
      </mxCell>
    </rule>
    <mxCell id="cdf78160-d931-c218-d144-7ce43b5d0198" value="" parent="f9959b30-0002-e69d-9ce6-f10fcd6fd1cb" source="f7180099-a81e-2b78-27cc-766cf7182158" target="de249de2-faf2-d910-211d-f9f4afd12a95" edge="1">
      <mxGeometry relative="1" as="geometry"/>
    </mxCell>
    <version label="0.9" docid="469" date="Thu Mar 22 2018 09:45:04 GMT+0200 (SAST)" docId="33438" id="2f242e2a-1131-7278-4ca7-94069faeeff7">
      <mxCell parent="f9959b30-0002-e69d-9ce6-f10fcd6fd1cb" vertex="1" connectable="0">
        <mxGeometry x="5" y="5" width="40" height="20" as="geometry"/>
      </mxCell>
    </version>
    <rule name="sendEmail" properties="{&quot;properties.to&quot;:&quot;${_manager_}&quot;,&quot;properties.subject&quot;:&quot;Transfer Letter&quot;,&quot;properties.from&quot;:&quot;&quot;,&quot;properties.inReplyTo&quot;:&quot;&quot;,&quot;properties.html&quot;:&quot;false&quot;,&quot;properties.sms&quot;:&quot;false&quot;,&quot;properties.body&quot;:&quot;Dear ${_manager_},\n\nPlease see attached the Transfer Letter for ${createdBy}, SAP Number:${sap_no}.\n\nTo access the letter please click on the link below\n\n${permLink}\n&quot;,&quot;properties.attachSource&quot;:&quot;false&quot;,&quot;properties.attachAttachments&quot;:&quot;false&quot;,&quot;properties.attachPdf&quot;:&quot;false&quot;,&quot;properties.attachLinks&quot;:&quot;true&quot;,&quot;properties.index&quot;:&quot;&quot;}" label="Email Manager" id="be9e0eb5-02ca-2bb9-3d16-ed672772ee5b">
      <mxCell style="image;image=images/send_email.png" parent="f9959b30-0002-e69d-9ce6-f10fcd6fd1cb" vertex="1">
        <mxGeometry x="393" y="315" width="38" height="38" as="geometry"/>
      </mxCell>
    </rule>
    <party label="Line Manager" to="${_manager_}" instruction="" allocationmethod="Original Recipient" groupdistribution="Rotational" id="08cead86-33c7-f165-1038-23dfc09ade14">
      <mxCell style="image;image=images/user.png" parent="f9959b30-0002-e69d-9ce6-f10fcd6fd1cb" vertex="1">
        <mxGeometry x="479" y="310" width="48" height="48" as="geometry"/>
      </mxCell>
    </party>
    <event label="Document.sign" async="false" id="cfd7c2ec-ca5e-f03c-87ed-0a053c0c48f8">
      <mxCell style="image;image=images/symbols/rule.png" parent="f9959b30-0002-e69d-9ce6-f10fcd6fd1cb" vertex="1">
        <mxGeometry x="584" y="318" width="32" height="32" as="geometry"/>
      </mxCell>
    </event>
    <mxCell id="8545bd44-ae2d-b736-dacf-36e2ea54aaa2" value="" parent="f9959b30-0002-e69d-9ce6-f10fcd6fd1cb" source="08cead86-33c7-f165-1038-23dfc09ade14" target="cfd7c2ec-ca5e-f03c-87ed-0a053c0c48f8" edge="1">
      <mxGeometry relative="1" as="geometry"/>
    </mxCell>
    <rule name="sendEmail" properties="{&quot;properties.to&quot;:&quot;${createdBy}&quot;,&quot;properties.subject&quot;:&quot;Transfer Letter Declined ${formNo}&quot;,&quot;properties.from&quot;:&quot;&quot;,&quot;properties.inReplyTo&quot;:&quot;&quot;,&quot;properties.html&quot;:&quot;false&quot;,&quot;properties.sms&quot;:&quot;false&quot;,&quot;properties.body&quot;:&quot;Dear ${createdBy}\n\nYour request for transfer has been reject due to:${decline_comments}.&quot;,&quot;properties.attachSource&quot;:&quot;false&quot;,&quot;properties.attachAttachments&quot;:&quot;false&quot;,&quot;properties.attachPdf&quot;:&quot;false&quot;,&quot;properties.attachLinks&quot;:&quot;true&quot;,&quot;properties.index&quot;:&quot;&quot;}" id="1f1861e8-784a-e6e4-aeec-152791c66291">
      <mxCell style="image;image=images/send_email.png" parent="f9959b30-0002-e69d-9ce6-f10fcd6fd1cb" vertex="1">
        <mxGeometry x="581" y="220" width="38" height="38" as="geometry"/>
      </mxCell>
    </rule>
    <mxCell id="fb907d59-7fb1-3e40-1770-3f79df2e898f" value="reason == &quot;Declined&quot;" parent="f9959b30-0002-e69d-9ce6-f10fcd6fd1cb" source="cfd7c2ec-ca5e-f03c-87ed-0a053c0c48f8" target="1f1861e8-784a-e6e4-aeec-152791c66291" edge="1" label="Declined">
      <mxGeometry relative="1" as="geometry"/>
    </mxCell>
    <rule name="sendEmail" properties="{&quot;properties.to&quot;:&quot;HCP&quot;,&quot;properties.subject&quot;:&quot;Transfer Letter ${formNo}&quot;,&quot;properties.from&quot;:&quot;&quot;,&quot;properties.inReplyTo&quot;:&quot;&quot;,&quot;properties.html&quot;:&quot;false&quot;,&quot;properties.sms&quot;:&quot;false&quot;,&quot;properties.body&quot;:&quot;Dear HCP,\n\nPlease see attached the Transfer Letter for ${createdBy}, SAP Number:${sap_no}.\n\nTo access the letter please click on the link below\n\n${permLink}\n&quot;,&quot;properties.attachSource&quot;:&quot;false&quot;,&quot;properties.attachAttachments&quot;:&quot;false&quot;,&quot;properties.attachPdf&quot;:&quot;false&quot;,&quot;properties.attachLinks&quot;:&quot;true&quot;,&quot;properties.index&quot;:&quot;&quot;}" label="Email HCP" id="5e881cbd-34e2-bb87-9a45-c25ecbbb28bf">
      <mxCell style="image;image=images/send_email.png" parent="f9959b30-0002-e69d-9ce6-f10fcd6fd1cb" vertex="1">
        <mxGeometry x="850" y="315" width="38" height="38" as="geometry"/>
      </mxCell>
    </rule>
    <rule name="runScript" properties="{&quot;properties.sync&quot;:&quot;false&quot;,&quot;properties.script&quot;:&quot;&quot;,&quot;properties.path&quot;:&quot;System/scripts/HmiGenerateTransferLetter.groovy&quot;}" label="Generate Transfer Letter Within OD" id="1f8dc42a-72e4-4dc8-17aa-79dd3405ac50">
      <mxCell style="image;image=images/script.png" parent="f9959b30-0002-e69d-9ce6-f10fcd6fd1cb" vertex="1">
        <mxGeometry x="725" y="315" width="38" height="38" as="geometry"/>
      </mxCell>
    </rule>
    <mxCell id="f17c7c84-17b3-15d6-ac60-38af75e91bc0" value="reason == &quot;Approved&quot;" parent="f9959b30-0002-e69d-9ce6-f10fcd6fd1cb" source="cfd7c2ec-ca5e-f03c-87ed-0a053c0c48f8" target="1f8dc42a-72e4-4dc8-17aa-79dd3405ac50" edge="1" label="Approved">
      <mxGeometry relative="1" as="geometry"/>
    </mxCell>
    <mxCell id="96d4fb5e-7d10-ab6e-87a6-34a0a088132d" value="" parent="f9959b30-0002-e69d-9ce6-f10fcd6fd1cb" source="de249de2-faf2-d910-211d-f9f4afd12a95" target="be9e0eb5-02ca-2bb9-3d16-ed672772ee5b" edge="1">
      <mxGeometry relative="1" as="geometry"/>
    </mxCell>
    <mxCell id="f9456a6a-772c-6a6c-3b70-ef6caf1391c5" value="" parent="f9959b30-0002-e69d-9ce6-f10fcd6fd1cb" source="be9e0eb5-02ca-2bb9-3d16-ed672772ee5b" target="08cead86-33c7-f165-1038-23dfc09ade14" edge="1">
      <mxGeometry relative="1" as="geometry"/>
    </mxCell>
    <end id="039a18d6-4662-9272-1140-b56496b28317">
      <mxCell style="image;image=images/symbols/terminate.png" parent="f9959b30-0002-e69d-9ce6-f10fcd6fd1cb" vertex="1">
        <mxGeometry x="587" y="147" width="25" height="25" as="geometry"/>
      </mxCell>
    </end>
    <mxCell id="3ef463a4-863f-54e6-cb64-ca955d6da341" value="" parent="f9959b30-0002-e69d-9ce6-f10fcd6fd1cb" source="1f1861e8-784a-e6e4-aeec-152791c66291" target="039a18d6-4662-9272-1140-b56496b28317" edge="1">
      <mxGeometry relative="1" as="geometry"/>
    </mxCell>
    <mxCell id="628d6b4e-9d09-8e7c-8f98-60037e2cd138" value="" parent="f9959b30-0002-e69d-9ce6-f10fcd6fd1cb" source="1f8dc42a-72e4-4dc8-17aa-79dd3405ac50" target="5e881cbd-34e2-bb87-9a45-c25ecbbb28bf" edge="1">
      <mxGeometry relative="1" as="geometry"/>
    </mxCell>
    <mxCell id="c1aba35a-7849-5222-a6c6-f9598ddffb75" value="" parent="f9959b30-0002-e69d-9ce6-f10fcd6fd1cb" source="5e881cbd-34e2-bb87-9a45-c25ecbbb28bf" target="039a18d6-4662-9272-1140-b56496b28317" edge="1">
      <mxGeometry relative="1" as="geometry">
        <Array as="points">
          <mxPoint x="849" y="334"/>
          <mxPoint x="849" y="213"/>
          <mxPoint x="600" y="213"/>
        </Array>
      </mxGeometry>
    </mxCell>
  </root>
</mxGraphModel>
