<mxGraphModel>
  <root>
    <mxCell id="b7da8d0d-7c4f-3629-f2ec-6a81e21c348b"/>
    <mxCell id="0f572399-4c68-297e-4b58-38e10bd17961" parent="b7da8d0d-7c4f-3629-f2ec-6a81e21c348b"/>
    <event label="Document.sign" async="false" id="60e629af-6fdb-d228-7590-b1d3930bbf39">
      <mxCell style="image;image=images/symbols/rule.png" parent="0f572399-4c68-297e-4b58-38e10bd17961" vertex="1">
        <mxGeometry x="322" y="250" width="32" height="32" as="geometry"/>
      </mxCell>
    </event>
    <start id="118f7137-923f-8c35-0740-279703d97377">
      <mxCell style="image;image=images/symbols/event.png" parent="0f572399-4c68-297e-4b58-38e10bd17961" vertex="1">
        <mxGeometry x="23" y="253" width="25" height="25" as="geometry"/>
      </mxCell>
    </start>
    <party label="HCP" to="${_hcp_}" instruction="" allocationmethod="Original Recipient" groupdistribution="Rotational" id="86f2a24a-cd0c-02ed-c989-8455da8702b6">
      <mxCell style="image;image=images/user.png" parent="0f572399-4c68-297e-4b58-38e10bd17961" vertex="1">
        <mxGeometry x="196" y="241.5" width="48" height="48" as="geometry"/>
      </mxCell>
    </party>
    <mxCell id="1f345e57-d91d-8df7-6029-d21bbf1aba07" value="" parent="0f572399-4c68-297e-4b58-38e10bd17961" source="86f2a24a-cd0c-02ed-c989-8455da8702b6" target="60e629af-6fdb-d228-7590-b1d3930bbf39" edge="1">
      <mxGeometry relative="1" as="geometry"/>
    </mxCell>
    <rule name="sendEmail" properties="{&quot;properties.to&quot;:&quot;${_employee_}&quot;,&quot;properties.subject&quot;:&quot;Transfer Letter Request ${formNo}&quot;,&quot;properties.from&quot;:&quot;&quot;,&quot;properties.inReplyTo&quot;:&quot;&quot;,&quot;properties.html&quot;:&quot;false&quot;,&quot;properties.sms&quot;:&quot;false&quot;,&quot;properties.body&quot;:&quot;Dear ${_employee_}\n\nPlease see attached the Transfer Letter for ${createdBy}, SAP Number:${sap_no}.\n\nTo access the letter please click on the link below\n\n${permLink}\n&quot;,&quot;properties.attachSource&quot;:&quot;false&quot;,&quot;properties.attachAttachments&quot;:&quot;false&quot;,&quot;properties.attachPdf&quot;:&quot;false&quot;,&quot;properties.attachLinks&quot;:&quot;true&quot;,&quot;properties.index&quot;:&quot;&quot;}" label="Email Employee" id="5ec57497-7e09-3c39-8f2e-56c90e185b37">
      <mxCell style="image;image=images/send_email.png" parent="0f572399-4c68-297e-4b58-38e10bd17961" vertex="1">
        <mxGeometry x="1259" y="297" width="38" height="38" as="geometry"/>
      </mxCell>
    </rule>
    <rule name="runScript" properties="{&quot;properties.sync&quot;:&quot;false&quot;,&quot;properties.script&quot;:&quot;&quot;,&quot;properties.path&quot;:&quot;System/scripts/HmiAssignToEmployee.groovy&quot;}" label="Find Employee" id="424a031f-ce83-ed15-9706-b1583cb2c0ba">
      <mxCell style="image;image=images/script.png" parent="0f572399-4c68-297e-4b58-38e10bd17961" vertex="1">
        <mxGeometry x="1136" y="297" width="38" height="38" as="geometry"/>
      </mxCell>
    </rule>
    <mxCell id="194842fc-b593-d287-4dae-94ef8f7ab7c6" value="" parent="0f572399-4c68-297e-4b58-38e10bd17961" source="424a031f-ce83-ed15-9706-b1583cb2c0ba" target="5ec57497-7e09-3c39-8f2e-56c90e185b37" edge="1">
      <mxGeometry relative="1" as="geometry"/>
    </mxCell>
    <version label="0.26" docid="33436" date="Thu Mar 22 2018 14:39:24 GMT+0200 (SAST)" docId="33436" id="6ba753df-b752-f54e-890d-2e439e26d9b2">
      <mxCell parent="0f572399-4c68-297e-4b58-38e10bd17961" vertex="1" connectable="0">
        <mxGeometry x="5" y="5" width="40" height="20" as="geometry"/>
      </mxCell>
    </version>
    <party label="Employee" to="${_employee_}" instruction="" allocationmethod="Original Recipient" groupdistribution="Rotational" id="b3d6f97d-9100-5742-1840-8ae8d96f99a5">
      <mxCell style="image;image=images/user.png" parent="0f572399-4c68-297e-4b58-38e10bd17961" vertex="1">
        <mxGeometry x="1361" y="292" width="48" height="48" as="geometry"/>
      </mxCell>
    </party>
    <mxCell id="4505afe6-b8c0-ac14-c629-70db84ae5a35" value="" parent="0f572399-4c68-297e-4b58-38e10bd17961" source="5ec57497-7e09-3c39-8f2e-56c90e185b37" target="b3d6f97d-9100-5742-1840-8ae8d96f99a5" edge="1">
      <mxGeometry relative="1" as="geometry"/>
    </mxCell>
    <event label="Document.sign" async="false" id="00219b2f-5a6d-6bb6-5be8-88214b9c5f95">
      <mxCell style="image;image=images/symbols/rule.png" parent="0f572399-4c68-297e-4b58-38e10bd17961" vertex="1">
        <mxGeometry x="1369" y="397" width="32" height="32" as="geometry"/>
      </mxCell>
    </event>
    <rule name="runScript" properties="{&quot;properties.sync&quot;:&quot;false&quot;,&quot;properties.script&quot;:&quot;&quot;,&quot;properties.path&quot;:&quot;System/scripts/HmiGenerateExitChecklist.groovy&quot;}" label="Generate Exit Checklist" id="6a7a7771-66b7-34f6-0464-31f401ea9f64">
      <mxCell style="image;image=images/script.png" parent="0f572399-4c68-297e-4b58-38e10bd17961" vertex="1">
        <mxGeometry x="1366" y="483" width="38" height="38" as="geometry"/>
      </mxCell>
    </rule>
    <end id="ef004fab-0880-9f6f-820d-6491de9535c2">
      <mxCell style="image;image=images/symbols/terminate.png" parent="0f572399-4c68-297e-4b58-38e10bd17961" vertex="1">
        <mxGeometry x="1312" y="680" width="26" height="25" as="geometry"/>
      </mxCell>
    </end>
    <rule name="runScript" properties="{&quot;properties.sync&quot;:&quot;false&quot;,&quot;properties.script&quot;:&quot;import com.egis.kernel.Kernel;\ndoc.signature().assignRole(&#39;_hcp_&#39;, &#39;&#39;)\ndoc.workflow().set(&#39;_hcp_&#39;, Kernel.get(&#39;com.egis.party.GroupService&#39;).getMembers(&#39;HCP&#39;, null)[0])\n&quot;,&quot;properties.path&quot;:&quot;&quot;}" label="Find HCP" id="7093869c-5466-2203-f794-e1331ac13a00">
      <mxCell style="image;image=images/script.png" parent="0f572399-4c68-297e-4b58-38e10bd17961" vertex="1">
        <mxGeometry x="102" y="246.5" width="38" height="38" as="geometry"/>
      </mxCell>
    </rule>
    <mxCell id="5f0ffb5a-7ec1-9535-995c-73cffe0546d7" value="" parent="0f572399-4c68-297e-4b58-38e10bd17961" source="118f7137-923f-8c35-0740-279703d97377" target="7093869c-5466-2203-f794-e1331ac13a00" edge="1">
      <mxGeometry relative="1" as="geometry"/>
    </mxCell>
    <mxCell id="3fe010d3-2ea9-543d-dff6-8ce0d9d7a0a8" value="" parent="0f572399-4c68-297e-4b58-38e10bd17961" source="7093869c-5466-2203-f794-e1331ac13a00" target="86f2a24a-cd0c-02ed-c989-8455da8702b6" edge="1">
      <mxGeometry relative="1" as="geometry"/>
    </mxCell>
    <conditional label="Grade" id="9d6b7a81-609f-9ff8-7b6a-e69c42c5458e">
      <mxCell style="rhombus" parent="0f572399-4c68-297e-4b58-38e10bd17961" vertex="1">
        <mxGeometry x="438" y="241" width="50" height="50" as="geometry"/>
      </mxCell>
    </conditional>
    <mxCell id="c25fd0a1-54a2-5ae3-40f2-5346414501c9" value="" parent="0f572399-4c68-297e-4b58-38e10bd17961" source="60e629af-6fdb-d228-7590-b1d3930bbf39" target="9d6b7a81-609f-9ff8-7b6a-e69c42c5458e" edge="1">
      <mxGeometry relative="1" as="geometry"/>
    </mxCell>
    <rule name="runScript" properties="{&quot;properties.sync&quot;:&quot;false&quot;,&quot;properties.script&quot;:&quot;import com.egis.kernel.Kernel;\ndoc.signature().assignRole(&#39;_approver_&#39;, &#39;&#39;)\ndoc.workflow().set(&#39;_approver_&#39;, Kernel.get(&#39;com.egis.party.GroupService&#39;).getMembers(&#39;COAM&#39;, null)[0])\n&quot;,&quot;properties.path&quot;:&quot;&quot;}" label="Find COAM" id="0bf438ed-91b9-66c9-cfa3-9f1ee256aefe">
      <mxCell style="image;image=images/script.png" parent="0f572399-4c68-297e-4b58-38e10bd17961" vertex="1">
        <mxGeometry x="444" y="123" width="38" height="38" as="geometry"/>
      </mxCell>
    </rule>
    <mxCell id="d19e5aa2-f7c0-4f47-1473-12cfe59c8f8c" value="grade == &#39;C&#39;" parent="0f572399-4c68-297e-4b58-38e10bd17961" source="9d6b7a81-609f-9ff8-7b6a-e69c42c5458e" target="0bf438ed-91b9-66c9-cfa3-9f1ee256aefe" edge="1" label="C Role">
      <mxGeometry relative="1" as="geometry"/>
    </mxCell>
    <rule name="runScript" properties="{&quot;properties.sync&quot;:&quot;false&quot;,&quot;properties.script&quot;:&quot;import com.egis.kernel.Kernel;\ndoc.signature().assignRole(&#39;_approver_&#39;, &#39;&#39;)\ndoc.workflow().set(&#39;_approver_&#39;, Kernel.get(&#39;com.egis.party.GroupService&#39;).getMembers(&#39;HCM&#39;, null)[0])\n&quot;,&quot;properties.path&quot;:&quot;&quot;}" label="Find HCM" id="1d54334e-eca6-a6d8-4438-b484bf7977ed">
      <mxCell style="image;image=images/script.png" parent="0f572399-4c68-297e-4b58-38e10bd17961" vertex="1">
        <mxGeometry x="444" y="383" width="38" height="38" as="geometry"/>
      </mxCell>
    </rule>
    <mxCell id="c1a877df-576a-f7bb-6771-fb9d37f3c3d3" value="grade == &#39;G and Below&#39;" parent="0f572399-4c68-297e-4b58-38e10bd17961" source="9d6b7a81-609f-9ff8-7b6a-e69c42c5458e" target="1d54334e-eca6-a6d8-4438-b484bf7977ed" edge="1" label="G and Below  R">
      <mxGeometry relative="1" as="geometry"/>
    </mxCell>
    <rule name="runScript" properties="{&quot;properties.sync&quot;:&quot;false&quot;,&quot;properties.script&quot;:&quot;import com.egis.kernel.Kernel;\ndoc.signature().assignRole(&#39;_approver_&#39;, &#39;&#39;)\ndoc.workflow().set(&#39;_approver_&#39;, Kernel.get(&#39;com.egis.party.GroupService&#39;).getMembers(&#39;GM HR&#39;, null)[0])\n&quot;,&quot;properties.path&quot;:&quot;&quot;}" label="Find GM HR" id="a7201003-be11-e052-12f4-279f4935f32e">
      <mxCell style="image;image=images/script.png" parent="0f572399-4c68-297e-4b58-38e10bd17961" vertex="1">
        <mxGeometry x="590" y="204" width="38" height="38" as="geometry"/>
      </mxCell>
    </rule>
    <mxCell id="b79ed30b-9424-43a2-e7b9-279a0433c12d" value="grade == &#39;D&#39;" parent="0f572399-4c68-297e-4b58-38e10bd17961" source="9d6b7a81-609f-9ff8-7b6a-e69c42c5458e" target="a7201003-be11-e052-12f4-279f4935f32e" edge="1" label="D Role">
      <mxGeometry relative="1" as="geometry"/>
    </mxCell>
    <rule name="runScript" properties="{&quot;properties.sync&quot;:&quot;false&quot;,&quot;properties.script&quot;:&quot;import com.egis.kernel.Kernel;\ndoc.signature().assignRole(&#39;_approver_&#39;, &#39;&#39;)\ndoc.workflow().set(&#39;signature1&#39;, Kernel.get(&#39;com.egis.party.GroupService&#39;).getMembers(&#39;SH HR&#39;, null)[0])\n&quot;,&quot;properties.path&quot;:&quot;&quot;}" label="Find SM HR" id="2787c2cb-41d9-e2b2-cb89-e0b46ec0a0e3">
      <mxCell style="image;image=images/script.png" parent="0f572399-4c68-297e-4b58-38e10bd17961" vertex="1">
        <mxGeometry x="590" y="297" width="38" height="38" as="geometry"/>
      </mxCell>
    </rule>
    <mxCell id="6a34dfc9-1049-7484-bc9f-ba9e99b55e53" value="grade == &#39;E to F&#39;" parent="0f572399-4c68-297e-4b58-38e10bd17961" source="9d6b7a81-609f-9ff8-7b6a-e69c42c5458e" target="2787c2cb-41d9-e2b2-cb89-e0b46ec0a0e3" edge="1" label="E to F">
      <mxGeometry relative="1" as="geometry"/>
    </mxCell>
    <rule name="sendEmail" properties="{&quot;properties.to&quot;:&quot;COAM&quot;,&quot;properties.subject&quot;:&quot;Transfer Letter Approved - ${formNo}&quot;,&quot;properties.from&quot;:&quot;&quot;,&quot;properties.inReplyTo&quot;:&quot;&quot;,&quot;properties.html&quot;:&quot;false&quot;,&quot;properties.sms&quot;:&quot;false&quot;,&quot;properties.body&quot;:&quot;Dear \n\nPlease note that the request for transfer of ${employee_name} has been approved.\n\n${permLink}\n\nRegards\nTE&quot;,&quot;properties.attachSource&quot;:&quot;false&quot;,&quot;properties.attachAttachments&quot;:&quot;false&quot;,&quot;properties.attachPdf&quot;:&quot;false&quot;,&quot;properties.attachLinks&quot;:&quot;false&quot;,&quot;properties.index&quot;:&quot;&quot;}" label="Email COAM" id="7fdc9775-9887-04a9-9f5b-ca4c624604f0">
      <mxCell style="image;image=images/send_email.png" parent="0f572399-4c68-297e-4b58-38e10bd17961" vertex="1">
        <mxGeometry x="591" y="123" width="38" height="38" as="geometry"/>
      </mxCell>
    </rule>
    <mxCell id="56d1e4da-d4b8-e21b-17bf-39b0ca9ae605" value="" parent="0f572399-4c68-297e-4b58-38e10bd17961" source="0bf438ed-91b9-66c9-cfa3-9f1ee256aefe" target="7fdc9775-9887-04a9-9f5b-ca4c624604f0" edge="1">
      <mxGeometry relative="1" as="geometry"/>
    </mxCell>
    <rule name="sendEmail" properties="{&quot;properties.to&quot;:&quot;HCM&quot;,&quot;properties.subject&quot;:&quot;Transfer Letter Approved - ${formNo}&quot;,&quot;properties.from&quot;:&quot;&quot;,&quot;properties.inReplyTo&quot;:&quot;&quot;,&quot;properties.html&quot;:&quot;false&quot;,&quot;properties.sms&quot;:&quot;false&quot;,&quot;properties.body&quot;:&quot;Dear \n\nPlease note that the request for transfer of ${employee_name} has been approved.\n\n${permLink}\n\nRegards\nTE&quot;,&quot;properties.attachSource&quot;:&quot;false&quot;,&quot;properties.attachAttachments&quot;:&quot;false&quot;,&quot;properties.attachPdf&quot;:&quot;false&quot;,&quot;properties.attachLinks&quot;:&quot;false&quot;,&quot;properties.index&quot;:&quot;&quot;}" label="Email HCM" id="a77c539b-29bf-130b-02ce-ee7dbd5b39f6">
      <mxCell style="image;image=images/send_email.png" parent="0f572399-4c68-297e-4b58-38e10bd17961" vertex="1">
        <mxGeometry x="588" y="383" width="38" height="38" as="geometry"/>
      </mxCell>
    </rule>
    <mxCell id="5e501f5a-dcee-7ca8-b15c-3806283bc424" value="" parent="0f572399-4c68-297e-4b58-38e10bd17961" source="1d54334e-eca6-a6d8-4438-b484bf7977ed" target="a77c539b-29bf-130b-02ce-ee7dbd5b39f6" edge="1">
      <mxGeometry relative="1" as="geometry"/>
    </mxCell>
    <rule name="sendEmail" properties="{&quot;properties.to&quot;:&quot;GM HR&quot;,&quot;properties.subject&quot;:&quot;Transfer Letter Approved - ${formNo}&quot;,&quot;properties.from&quot;:&quot;&quot;,&quot;properties.inReplyTo&quot;:&quot;&quot;,&quot;properties.html&quot;:&quot;false&quot;,&quot;properties.sms&quot;:&quot;false&quot;,&quot;properties.body&quot;:&quot;Dear \n\nPlease note that the request for transfer of ${employee_name} has been approved.\n\n${permLink}\n\nRegards\nTE&quot;,&quot;properties.attachSource&quot;:&quot;false&quot;,&quot;properties.attachAttachments&quot;:&quot;false&quot;,&quot;properties.attachPdf&quot;:&quot;false&quot;,&quot;properties.attachLinks&quot;:&quot;false&quot;,&quot;properties.index&quot;:&quot;&quot;}" label="Email GM HR" id="efeda781-b468-de21-dab3-470cab1803ea">
      <mxCell style="image;image=images/send_email.png" parent="0f572399-4c68-297e-4b58-38e10bd17961" vertex="1">
        <mxGeometry x="726" y="204" width="38" height="38" as="geometry"/>
      </mxCell>
    </rule>
    <rule name="sendEmail" properties="{&quot;properties.to&quot;:&quot;SM HR&quot;,&quot;properties.subject&quot;:&quot;Transfer Letter Approved - ${formNo}&quot;,&quot;properties.from&quot;:&quot;&quot;,&quot;properties.inReplyTo&quot;:&quot;&quot;,&quot;properties.html&quot;:&quot;false&quot;,&quot;properties.sms&quot;:&quot;false&quot;,&quot;properties.body&quot;:&quot;Dear \n\nPlease note that the request for transfer of ${employee_name} has been approved.\n\n${permLink}\n\nRegards\nTE&quot;,&quot;properties.attachSource&quot;:&quot;false&quot;,&quot;properties.attachAttachments&quot;:&quot;false&quot;,&quot;properties.attachPdf&quot;:&quot;false&quot;,&quot;properties.attachLinks&quot;:&quot;false&quot;,&quot;properties.index&quot;:&quot;&quot;}" label="Email SM HR" id="ee8dec70-fda3-c0fa-3665-571ef59c8874">
      <mxCell style="image;image=images/send_email.png" parent="0f572399-4c68-297e-4b58-38e10bd17961" vertex="1">
        <mxGeometry x="726" y="297" width="38" height="38" as="geometry"/>
      </mxCell>
    </rule>
    <mxCell id="65fa54c8-061d-ccd0-e7f4-1e5e1df2c535" value="" parent="0f572399-4c68-297e-4b58-38e10bd17961" source="a7201003-be11-e052-12f4-279f4935f32e" target="efeda781-b468-de21-dab3-470cab1803ea" edge="1">
      <mxGeometry relative="1" as="geometry"/>
    </mxCell>
    <mxCell id="675c0679-ab5a-2121-557d-4f339bca463e" value="" parent="0f572399-4c68-297e-4b58-38e10bd17961" source="2787c2cb-41d9-e2b2-cb89-e0b46ec0a0e3" target="ee8dec70-fda3-c0fa-3665-571ef59c8874" edge="1">
      <mxGeometry relative="1" as="geometry"/>
    </mxCell>
    <rule name="sendEmail" properties="{&quot;properties.to&quot;:&quot;Compensation Officer&quot;,&quot;properties.subject&quot;:&quot;Transfer Letter Approved ${formNo}&quot;,&quot;properties.from&quot;:&quot;&quot;,&quot;properties.inReplyTo&quot;:&quot;&quot;,&quot;properties.html&quot;:&quot;false&quot;,&quot;properties.sms&quot;:&quot;false&quot;,&quot;properties.body&quot;:&quot;Dear Compensation Officer,\n\nPlease see attached the Transfer Letter for ${createdBy}, SAP Number:${sap_no}.\n\nTo access the letter please click on the link below\n\n${permLink}\n&quot;,&quot;properties.attachSource&quot;:&quot;false&quot;,&quot;properties.attachAttachments&quot;:&quot;false&quot;,&quot;properties.attachPdf&quot;:&quot;false&quot;,&quot;properties.attachLinks&quot;:&quot;false&quot;,&quot;properties.index&quot;:&quot;&quot;}" label="Email Compensation Officer" id="afdca84a-7777-0044-a71b-53b7a357c1e8">
      <mxCell style="image;image=images/send_email.png" parent="0f572399-4c68-297e-4b58-38e10bd17961" vertex="1">
        <mxGeometry x="1306" y="570" width="38" height="38" as="geometry"/>
      </mxCell>
    </rule>
    <mxCell id="7c1d5eaf-5eb9-9908-1922-bab11278c58f" value="" parent="0f572399-4c68-297e-4b58-38e10bd17961" source="afdca84a-7777-0044-a71b-53b7a357c1e8" target="ef004fab-0880-9f6f-820d-6491de9535c2" edge="1">
      <mxGeometry relative="1" as="geometry"/>
    </mxCell>
    <mxCell id="731ea213-c17e-767e-90b3-20c48c227512" value="" parent="0f572399-4c68-297e-4b58-38e10bd17961" source="6a7a7771-66b7-34f6-0464-31f401ea9f64" target="afdca84a-7777-0044-a71b-53b7a357c1e8" edge="1">
      <mxGeometry relative="1" as="geometry"/>
    </mxCell>
    <party label="GM HR" to="${_approver_}" instruction="" allocationmethod="Original Recipient" groupdistribution="Rotational" id="425dfd65-8c85-a319-aa5d-b44494162f46">
      <mxCell style="image;image=images/user.png" parent="0f572399-4c68-297e-4b58-38e10bd17961" vertex="1">
        <mxGeometry x="852" y="199" width="48" height="48" as="geometry"/>
      </mxCell>
    </party>
    <event label="Document.sign" async="false" id="c6dbb8d6-778f-33fa-5a27-f4fa5351303a">
      <mxCell style="image;image=images/symbols/rule.png" parent="0f572399-4c68-297e-4b58-38e10bd17961" vertex="1">
        <mxGeometry x="1004" y="300" width="32" height="32" as="geometry"/>
      </mxCell>
    </event>
    <mxCell id="f3b06647-c520-bf91-b78e-560eb282b71f" value="reason == &#39;Approved&#39;" parent="0f572399-4c68-297e-4b58-38e10bd17961" source="c6dbb8d6-778f-33fa-5a27-f4fa5351303a" target="424a031f-ce83-ed15-9706-b1583cb2c0ba" edge="1" label="Approved">
      <mxGeometry relative="1" as="geometry"/>
    </mxCell>
    <mxCell id="dbaf6326-d00a-f518-56d2-925802b0fca8" value="" parent="0f572399-4c68-297e-4b58-38e10bd17961" source="b3d6f97d-9100-5742-1840-8ae8d96f99a5" target="00219b2f-5a6d-6bb6-5be8-88214b9c5f95" edge="1">
      <mxGeometry relative="1" as="geometry"/>
    </mxCell>
    <mxCell id="38510465-452d-f8ec-ffc8-7a4b662f8d19" value="" parent="0f572399-4c68-297e-4b58-38e10bd17961" source="00219b2f-5a6d-6bb6-5be8-88214b9c5f95" target="6a7a7771-66b7-34f6-0464-31f401ea9f64" edge="1">
      <mxGeometry relative="1" as="geometry"/>
    </mxCell>
    <rule name="sendEmail" properties="{&quot;properties.to&quot;:&quot;HCP&quot;,&quot;properties.subject&quot;:&quot;Transfer Letter Declined ${formNo}&quot;,&quot;properties.from&quot;:&quot;&quot;,&quot;properties.inReplyTo&quot;:&quot;&quot;,&quot;properties.html&quot;:&quot;false&quot;,&quot;properties.sms&quot;:&quot;false&quot;,&quot;properties.body&quot;:&quot;Dear ${createdBy}\n\nYour request for transfer has been rejected due to:${decline_comments}.&quot;,&quot;properties.attachSource&quot;:&quot;false&quot;,&quot;properties.attachAttachments&quot;:&quot;false&quot;,&quot;properties.attachPdf&quot;:&quot;false&quot;,&quot;properties.attachLinks&quot;:&quot;false&quot;,&quot;properties.index&quot;:&quot;&quot;}" label="Email HCP" id="389ac56a-a92d-1090-3c20-97cd70d6bc0a">
      <mxCell style="image;image=images/send_email.png" parent="0f572399-4c68-297e-4b58-38e10bd17961" vertex="1">
        <mxGeometry x="1001" y="429" width="38" height="38" as="geometry"/>
      </mxCell>
    </rule>
    <mxCell id="54794a5d-8fe8-7afe-e447-c2df52f05dc8" value="reason == &#39;Declined&#39;" parent="0f572399-4c68-297e-4b58-38e10bd17961" source="c6dbb8d6-778f-33fa-5a27-f4fa5351303a" target="389ac56a-a92d-1090-3c20-97cd70d6bc0a" edge="1" label="Declined">
      <mxGeometry relative="1" as="geometry"/>
    </mxCell>
    <mxCell id="3a00b445-71c8-994d-b2aa-b2ac49ff8123" value="" parent="0f572399-4c68-297e-4b58-38e10bd17961" source="389ac56a-a92d-1090-3c20-97cd70d6bc0a" target="ef004fab-0880-9f6f-820d-6491de9535c2" edge="1">
      <mxGeometry relative="1" as="geometry">
        <Array as="points">
          <mxPoint x="1203" y="448"/>
          <mxPoint x="1203" y="693"/>
        </Array>
      </mxGeometry>
    </mxCell>
    <party label="COAM" to="${_approver_}" instruction="" allocationmethod="Original Recipient" groupdistribution="Rotational" id="387ee25f-a456-dbcd-b529-584eb4ecc6f8">
      <mxCell style="image;image=images/user.png" parent="0f572399-4c68-297e-4b58-38e10bd17961" vertex="1">
        <mxGeometry x="716" y="118" width="48" height="48" as="geometry"/>
      </mxCell>
    </party>
    <mxCell id="81398b2c-c9b7-1c17-c8e2-043ccec8f5db" value="" parent="0f572399-4c68-297e-4b58-38e10bd17961" source="7fdc9775-9887-04a9-9f5b-ca4c624604f0" target="387ee25f-a456-dbcd-b529-584eb4ecc6f8" edge="1">
      <mxGeometry relative="1" as="geometry"/>
    </mxCell>
    <party label="HCM" to="${_approver_}" instruction="" allocationmethod="Original Recipient" groupdistribution="Rotational" id="28c123fd-b2d0-07e5-d3bb-dff19597c841">
      <mxCell style="image;image=images/user.png" parent="0f572399-4c68-297e-4b58-38e10bd17961" vertex="1">
        <mxGeometry x="718" y="378" width="48" height="48" as="geometry"/>
      </mxCell>
    </party>
    <mxCell id="0071fc18-6b89-7192-6733-a179a572fd3d" value="" parent="0f572399-4c68-297e-4b58-38e10bd17961" source="a77c539b-29bf-130b-02ce-ee7dbd5b39f6" target="28c123fd-b2d0-07e5-d3bb-dff19597c841" edge="1">
      <mxGeometry relative="1" as="geometry"/>
    </mxCell>
    <mxCell id="68c66ebb-e5bd-293c-0092-9c715bca6723" value="" parent="0f572399-4c68-297e-4b58-38e10bd17961" source="efeda781-b468-de21-dab3-470cab1803ea" target="425dfd65-8c85-a319-aa5d-b44494162f46" edge="1">
      <mxGeometry relative="1" as="geometry"/>
    </mxCell>
    <party label="SM HR" to="${_approver_}" instruction="" allocationmethod="Original Recipient" groupdistribution="Rotational" id="0fde66fc-76f3-cf3b-60df-1a1661cc6ce1">
      <mxCell style="image;image=images/user.png" parent="0f572399-4c68-297e-4b58-38e10bd17961" vertex="1">
        <mxGeometry x="855" y="292" width="48" height="48" as="geometry"/>
      </mxCell>
    </party>
    <mxCell id="0cb68649-61d0-ad01-845e-9ae89d3b2340" value="" parent="0f572399-4c68-297e-4b58-38e10bd17961" source="ee8dec70-fda3-c0fa-3665-571ef59c8874" target="0fde66fc-76f3-cf3b-60df-1a1661cc6ce1" edge="1">
      <mxGeometry relative="1" as="geometry"/>
    </mxCell>
    <event label="Document.sign" async="false" id="59d8fe8f-a7d5-9c50-c84b-3272d13bc194">
      <mxCell style="image;image=images/symbols/rule.png" parent="0f572399-4c68-297e-4b58-38e10bd17961" vertex="1">
        <mxGeometry x="858" y="386" width="32" height="32" as="geometry"/>
      </mxCell>
    </event>
    <mxCell id="8eb6cb6b-fa4f-7744-f19d-bc48df769b10" value="" parent="0f572399-4c68-297e-4b58-38e10bd17961" source="28c123fd-b2d0-07e5-d3bb-dff19597c841" target="59d8fe8f-a7d5-9c50-c84b-3272d13bc194" edge="1">
      <mxGeometry relative="1" as="geometry"/>
    </mxCell>
    <event label="Document.sign" async="false" id="0489b23c-da3c-31c1-3a80-ac2e1f243632">
      <mxCell style="image;image=images/symbols/rule.png" parent="0f572399-4c68-297e-4b58-38e10bd17961" vertex="1">
        <mxGeometry x="855" y="126" width="32" height="32" as="geometry"/>
      </mxCell>
    </event>
    <mxCell id="ea70d5fe-9b6d-9f86-dd6f-66922ccefd44" value="" parent="0f572399-4c68-297e-4b58-38e10bd17961" source="387ee25f-a456-dbcd-b529-584eb4ecc6f8" target="0489b23c-da3c-31c1-3a80-ac2e1f243632" edge="1">
      <mxGeometry relative="1" as="geometry"/>
    </mxCell>
    <mxCell id="d2ba2d01-16d3-3b66-7ded-45e41f017cce" value="" parent="0f572399-4c68-297e-4b58-38e10bd17961" source="0fde66fc-76f3-cf3b-60df-1a1661cc6ce1" target="c6dbb8d6-778f-33fa-5a27-f4fa5351303a" edge="1">
      <mxGeometry relative="1" as="geometry"/>
    </mxCell>
    <mxCell id="f967adbb-fb76-2bd7-3e3f-6d742ea35f7e" value="reason == &#39;Declined&#39;" parent="0f572399-4c68-297e-4b58-38e10bd17961" source="59d8fe8f-a7d5-9c50-c84b-3272d13bc194" target="389ac56a-a92d-1090-3c20-97cd70d6bc0a" edge="1" label="Declined">
      <mxGeometry relative="1" as="geometry"/>
    </mxCell>
    <mxCell id="244283c8-5ee9-1834-fa75-f227dfe0b00d" value="reason == &#39;Approved&#39;" parent="0f572399-4c68-297e-4b58-38e10bd17961" source="59d8fe8f-a7d5-9c50-c84b-3272d13bc194" target="424a031f-ce83-ed15-9706-b1583cb2c0ba" edge="1" label="Approved">
      <mxGeometry relative="1" as="geometry"/>
    </mxCell>
    <event label="Document.sign" async="false" id="1bb1892b-e1a3-73b8-0209-90b998fae27c">
      <mxCell style="image;image=images/symbols/rule.png" parent="0f572399-4c68-297e-4b58-38e10bd17961" vertex="1">
        <mxGeometry x="1001" y="207" width="32" height="32" as="geometry"/>
      </mxCell>
    </event>
    <mxCell id="e04c0b33-8b5d-58b4-adc0-c654a4e32fa6" value="" parent="0f572399-4c68-297e-4b58-38e10bd17961" source="425dfd65-8c85-a319-aa5d-b44494162f46" target="1bb1892b-e1a3-73b8-0209-90b998fae27c" edge="1">
      <mxGeometry relative="1" as="geometry"/>
    </mxCell>
    <mxCell id="178fa179-95d0-23f2-10d0-c1c694b948c4" value="reason == &#39;Approved&#39;" parent="0f572399-4c68-297e-4b58-38e10bd17961" source="1bb1892b-e1a3-73b8-0209-90b998fae27c" target="424a031f-ce83-ed15-9706-b1583cb2c0ba" edge="1" label="Approved">
      <mxGeometry relative="1" as="geometry"/>
    </mxCell>
    <mxCell id="e59fecfc-3963-ef68-d802-48f5743a0625" value="reason == &#39;Declined&#39;" parent="0f572399-4c68-297e-4b58-38e10bd17961" source="1bb1892b-e1a3-73b8-0209-90b998fae27c" target="389ac56a-a92d-1090-3c20-97cd70d6bc0a" edge="1" label="Declined">
      <mxGeometry relative="1" as="geometry">
        <Array as="points">
          <mxPoint x="969" y="223"/>
          <mxPoint x="969" y="334"/>
          <mxPoint x="999" y="334"/>
          <mxPoint x="999" y="448"/>
        </Array>
      </mxGeometry>
    </mxCell>
    <mxCell id="945c3881-34bf-5530-6c14-0bf66ccaf606" value="reason == &#39;Approved&#39;" parent="0f572399-4c68-297e-4b58-38e10bd17961" source="0489b23c-da3c-31c1-3a80-ac2e1f243632" target="424a031f-ce83-ed15-9706-b1583cb2c0ba" edge="1" label="Approved">
      <mxGeometry relative="1" as="geometry"/>
    </mxCell>
    <mxCell id="91c7cb5a-e553-9d79-726b-55bbde4e0d40" value="reason == &#39;Declined&#39;" parent="0f572399-4c68-297e-4b58-38e10bd17961" source="0489b23c-da3c-31c1-3a80-ac2e1f243632" target="389ac56a-a92d-1090-3c20-97cd70d6bc0a" edge="1" label="Declined">
      <mxGeometry relative="1" as="geometry">
        <Array as="points">
          <mxPoint x="945" y="142"/>
          <mxPoint x="945" y="448"/>
        </Array>
      </mxGeometry>
    </mxCell>
  </root>
</mxGraphModel>
